-- MySQL dump 10.13  Distrib 5.7.9, for Win64 (x86_64)
--
-- Host: localhost    Database: CISC332_DB
-- ------------------------------------------------------
-- Server version	5.7.10-log

/*!40101 SET @OLD_CHARACTER_SET_CLIENT=@@CHARACTER_SET_CLIENT */;
/*!40101 SET @OLD_CHARACTER_SET_RESULTS=@@CHARACTER_SET_RESULTS */;
/*!40101 SET @OLD_COLLATION_CONNECTION=@@COLLATION_CONNECTION */;
/*!40101 SET NAMES utf8 */;
/*!40103 SET @OLD_TIME_ZONE=@@TIME_ZONE */;
/*!40103 SET TIME_ZONE='+00:00' */;
/*!40014 SET @OLD_UNIQUE_CHECKS=@@UNIQUE_CHECKS, UNIQUE_CHECKS=0 */;
/*!40014 SET @OLD_FOREIGN_KEY_CHECKS=@@FOREIGN_KEY_CHECKS, FOREIGN_KEY_CHECKS=0 */;
/*!40101 SET @OLD_SQL_MODE=@@SQL_MODE, SQL_MODE='NO_AUTO_VALUE_ON_ZERO' */;
/*!40111 SET @OLD_SQL_NOTES=@@SQL_NOTES, SQL_NOTES=0 */;

--
-- Table structure for table `ADMINISTRATOR`
--

DROP TABLE IF EXISTS `ADMINISTRATOR`;
/*!40101 SET @saved_cs_client     = @@character_set_client */;
/*!40101 SET character_set_client = utf8 */;
CREATE TABLE `ADMINISTRATOR` (
  `ADMINISTRATOR_ID` int(11) NOT NULL AUTO_INCREMENT,
  `USERNAME` varchar(45) DEFAULT NULL,
  `PASSWORD` varchar(200) DEFAULT NULL,
  PRIMARY KEY (`ADMINISTRATOR_ID`)
) ENGINE=InnoDB AUTO_INCREMENT=5 DEFAULT CHARSET=utf8;
/*!40101 SET character_set_client = @saved_cs_client */;

--
-- Dumping data for table `ADMINISTRATOR`
--

LOCK TABLES `ADMINISTRATOR` WRITE;
/*!40000 ALTER TABLE `ADMINISTRATOR` DISABLE KEYS */;
INSERT INTO `ADMINISTRATOR` VALUES (1,'Alexis','badpasswordlol'),(2,'Christoph','what'),(3,'qhacks','lolzwhatsthat'),(4,'enoch','$2y$10$7hanGGFTceSXgS1txEQIiukdlsP0GjTfFNAXQbV7Z.pNPBvVDO2iC');
/*!40000 ALTER TABLE `ADMINISTRATOR` ENABLE KEYS */;
UNLOCK TABLES;

--
-- Table structure for table `BOOKING`
--

DROP TABLE IF EXISTS `BOOKING`;
/*!40101 SET @saved_cs_client     = @@character_set_client */;
/*!40101 SET character_set_client = utf8 */;
CREATE TABLE `BOOKING` (
  `BOOKING_ID` int(11) NOT NULL AUTO_INCREMENT,
  `CONSUMER_MEMBER_ID` int(11) DEFAULT NULL,
  `PROPERTY_ID` int(11) DEFAULT NULL,
  `BOOKING_PERIOD` date DEFAULT NULL,
  `BOOKING_STATUS` varchar(100) DEFAULT NULL,
  PRIMARY KEY (`BOOKING_ID`),
  KEY `CONSUMER_TO_MEMBER_ID_idx` (`CONSUMER_MEMBER_ID`),
  KEY `PROPERTY_TO_PROPERTY_ID_FK_idx` (`PROPERTY_ID`),
  CONSTRAINT `CONSUMER_TO_MEMBER_ID_FK` FOREIGN KEY (`CONSUMER_MEMBER_ID`) REFERENCES `MEMBER` (`MEMBER_ID`) ON DELETE NO ACTION ON UPDATE NO ACTION,
  CONSTRAINT `PROPERTY_TO_PROPERTY_ID_FK` FOREIGN KEY (`PROPERTY_ID`) REFERENCES `PROPERTY` (`PROPERTY_ID`) ON DELETE NO ACTION ON UPDATE NO ACTION
) ENGINE=InnoDB AUTO_INCREMENT=4 DEFAULT CHARSET=utf8;
/*!40101 SET character_set_client = @saved_cs_client */;

--
-- Dumping data for table `BOOKING`
--

LOCK TABLES `BOOKING` WRITE;
/*!40000 ALTER TABLE `BOOKING` DISABLE KEYS */;
INSERT INTO `BOOKING` VALUES (1,2,1,'2016-10-11','requested'),(2,3,1,'2016-05-10','cancelled'),(3,1,1,'2017-01-01','requested');
/*!40000 ALTER TABLE `BOOKING` ENABLE KEYS */;
UNLOCK TABLES;

--
-- Table structure for table `COMMENTS`
--

DROP TABLE IF EXISTS `COMMENTS`;
/*!40101 SET @saved_cs_client     = @@character_set_client */;
/*!40101 SET character_set_client = utf8 */;
CREATE TABLE `COMMENTS` (
  `COMMENT_ID` int(11) NOT NULL AUTO_INCREMENT,
  `MEMBER_ID` int(11) NOT NULL,
  `BOOKING_ID` int(11) NOT NULL,
  `REPLY_COMMENT_ID` int(11) DEFAULT NULL,
  `RATING` int(11) DEFAULT NULL,
  `COMENT_TEXT` varchar(200) DEFAULT NULL,
  PRIMARY KEY (`COMMENT_ID`),
  KEY `MEMBER_TO_MEMBER_ID_FK_idx` (`MEMBER_ID`),
  KEY `BOOKING_TO_BOOKING_ID_FK_idx` (`BOOKING_ID`),
  KEY `REPLY_COMMENT_ID_TO_COMMENT_ID_FK_idx` (`REPLY_COMMENT_ID`),
  CONSTRAINT `BOOKING_TO_BOOKING_ID_FK` FOREIGN KEY (`BOOKING_ID`) REFERENCES `BOOKING` (`BOOKING_ID`) ON DELETE NO ACTION ON UPDATE NO ACTION,
  CONSTRAINT `MEMBER_TO_MEMBER_ID_FK` FOREIGN KEY (`MEMBER_ID`) REFERENCES `MEMBER` (`MEMBER_ID`) ON DELETE NO ACTION ON UPDATE NO ACTION,
  CONSTRAINT `REPLY_COMMENT_ID_TO_COMMENT_ID_FK` FOREIGN KEY (`REPLY_COMMENT_ID`) REFERENCES `COMMENTS` (`COMMENT_ID`) ON DELETE NO ACTION ON UPDATE NO ACTION
) ENGINE=InnoDB AUTO_INCREMENT=2 DEFAULT CHARSET=utf8;
/*!40101 SET character_set_client = @saved_cs_client */;

--
-- Dumping data for table `COMMENTS`
--

LOCK TABLES `COMMENTS` WRITE;
/*!40000 ALTER TABLE `COMMENTS` DISABLE KEYS */;
INSERT INTO `COMMENTS` VALUES (1,1,1,NULL,4,'Some comment about stuff');
/*!40000 ALTER TABLE `COMMENTS` ENABLE KEYS */;
UNLOCK TABLES;

--
-- Table structure for table `DEGREE_TYPE`
--

DROP TABLE IF EXISTS `DEGREE_TYPE`;
/*!40101 SET @saved_cs_client     = @@character_set_client */;
/*!40101 SET character_set_client = utf8 */;
CREATE TABLE `DEGREE_TYPE` (
  `DEGREE_TYPE_ID` int(11) NOT NULL AUTO_INCREMENT,
  `DEGREE_TYPE_NAME` varchar(200) DEFAULT NULL,
  PRIMARY KEY (`DEGREE_TYPE_ID`)
) ENGINE=InnoDB AUTO_INCREMENT=7 DEFAULT CHARSET=utf8;
/*!40101 SET character_set_client = @saved_cs_client */;

--
-- Dumping data for table `DEGREE_TYPE`
--

LOCK TABLES `DEGREE_TYPE` WRITE;
/*!40000 ALTER TABLE `DEGREE_TYPE` DISABLE KEYS */;
INSERT INTO `DEGREE_TYPE` VALUES (1,'BSc'),(2,'BEng'),(3,'BComm'),(4,'BComp'),(5,'MSc'),(6,'PhD');
/*!40000 ALTER TABLE `DEGREE_TYPE` ENABLE KEYS */;
UNLOCK TABLES;

--
-- Table structure for table `DISTRICT`
--

DROP TABLE IF EXISTS `DISTRICT`;
/*!40101 SET @saved_cs_client     = @@character_set_client */;
/*!40101 SET character_set_client = utf8 */;
CREATE TABLE `DISTRICT` (
  `DISTRICT_ID` int(11) NOT NULL AUTO_INCREMENT,
  `DISTRICT_NAME` varchar(45) DEFAULT NULL,
  PRIMARY KEY (`DISTRICT_ID`)
) ENGINE=InnoDB AUTO_INCREMENT=6 DEFAULT CHARSET=utf8;
/*!40101 SET character_set_client = @saved_cs_client */;

--
-- Dumping data for table `DISTRICT`
--

LOCK TABLES `DISTRICT` WRITE;
/*!40000 ALTER TABLE `DISTRICT` DISABLE KEYS */;
INSERT INTO `DISTRICT` VALUES (1,'Toronto - Entertainment District'),(2,'Toronto - Downtown'),(3,'Toronto - Port Credit'),(4,'Toronto - Scarborough'),(5,'Toronto - North York');
/*!40000 ALTER TABLE `DISTRICT` ENABLE KEYS */;
UNLOCK TABLES;

--
-- Table structure for table `DISTRICT_POINT_OF_INTEREST_LINK`
--

DROP TABLE IF EXISTS `DISTRICT_POINT_OF_INTEREST_LINK`;
/*!40101 SET @saved_cs_client     = @@character_set_client */;
/*!40101 SET character_set_client = utf8 */;
CREATE TABLE `DISTRICT_POINT_OF_INTEREST_LINK` (
  `DISTRICT_ID` int(11) DEFAULT NULL,
  `POINT_OF_INTEREST_ID` int(11) DEFAULT NULL,
  KEY `POINT_OF_INTEREST_ID_LINK_idx` (`POINT_OF_INTEREST_ID`),
  KEY `DISTRICT_ID_LINK_idx` (`DISTRICT_ID`),
  CONSTRAINT `DISTRICT_ID_LINK` FOREIGN KEY (`DISTRICT_ID`) REFERENCES `DISTRICT` (`DISTRICT_ID`) ON DELETE NO ACTION ON UPDATE NO ACTION,
  CONSTRAINT `POINT_OF_INTEREST_ID_LINK` FOREIGN KEY (`POINT_OF_INTEREST_ID`) REFERENCES `POINT_OF_INTEREST` (`POINT_OF_INTEREST_ID`) ON DELETE NO ACTION ON UPDATE NO ACTION
) ENGINE=InnoDB DEFAULT CHARSET=utf8;
/*!40101 SET character_set_client = @saved_cs_client */;

--
-- Dumping data for table `DISTRICT_POINT_OF_INTEREST_LINK`
--

LOCK TABLES `DISTRICT_POINT_OF_INTEREST_LINK` WRITE;
/*!40000 ALTER TABLE `DISTRICT_POINT_OF_INTEREST_LINK` DISABLE KEYS */;
INSERT INTO `DISTRICT_POINT_OF_INTEREST_LINK` VALUES (1,1),(1,2),(1,3);
/*!40000 ALTER TABLE `DISTRICT_POINT_OF_INTEREST_LINK` ENABLE KEYS */;
UNLOCK TABLES;

--
-- Table structure for table `FACULTY`
--

DROP TABLE IF EXISTS `FACULTY`;
/*!40101 SET @saved_cs_client     = @@character_set_client */;
/*!40101 SET character_set_client = utf8 */;
CREATE TABLE `FACULTY` (
  `FACULTY_ID` int(11) NOT NULL AUTO_INCREMENT,
  `FACULTY_NAME` varchar(200) DEFAULT NULL,
  PRIMARY KEY (`FACULTY_ID`)
) ENGINE=InnoDB AUTO_INCREMENT=6 DEFAULT CHARSET=utf8;
/*!40101 SET character_set_client = @saved_cs_client */;

--
-- Dumping data for table `FACULTY`
--

LOCK TABLES `FACULTY` WRITE;
/*!40000 ALTER TABLE `FACULTY` DISABLE KEYS */;
INSERT INTO `FACULTY` VALUES (1,'Arts & Science'),(2,'Applied Science & Engineering'),(3,'Business'),(4,'Law'),(5,'Computing');
/*!40000 ALTER TABLE `FACULTY` ENABLE KEYS */;
UNLOCK TABLES;

--
-- Table structure for table `FEATURE`
--

DROP TABLE IF EXISTS `FEATURE`;
/*!40101 SET @saved_cs_client     = @@character_set_client */;
/*!40101 SET character_set_client = utf8 */;
CREATE TABLE `FEATURE` (
  `FEATURE_ID` int(11) NOT NULL AUTO_INCREMENT,
  `FEATURE_NAME` varchar(200) DEFAULT NULL,
  PRIMARY KEY (`FEATURE_ID`)
) ENGINE=InnoDB AUTO_INCREMENT=7 DEFAULT CHARSET=utf8;
/*!40101 SET character_set_client = @saved_cs_client */;

--
-- Dumping data for table `FEATURE`
--

LOCK TABLES `FEATURE` WRITE;
/*!40000 ALTER TABLE `FEATURE` DISABLE KEYS */;
INSERT INTO `FEATURE` VALUES (1,'shared bathroom'),(2,'private bathroom'),(3,'close to subway'),(4,'pool'),(5,'full kitchen'),(6,'laundry');
/*!40000 ALTER TABLE `FEATURE` ENABLE KEYS */;
UNLOCK TABLES;

--
-- Table structure for table `MEMBER`
--

DROP TABLE IF EXISTS `MEMBER`;
/*!40101 SET @saved_cs_client     = @@character_set_client */;
/*!40101 SET character_set_client = utf8 */;
CREATE TABLE `MEMBER` (
  `MEMBER_ID` int(11) NOT NULL AUTO_INCREMENT,
  `NAME` varchar(500) DEFAULT NULL,
  `EMAIL` varchar(200) DEFAULT NULL,
  `PHONE_NUMBER` varchar(40) DEFAULT NULL,
  `FACULTY_ID` int(11) DEFAULT NULL,
  `DEGREE_TYPE_ID` int(11) DEFAULT NULL,
  `PASSWORD` varchar(500) DEFAULT NULL,
  `GRAD_YEAR` varchar(10) DEFAULT NULL,
  PRIMARY KEY (`MEMBER_ID`),
  KEY `MEMBER_ID_TO_FACULTY_ID_FK_idx` (`FACULTY_ID`),
  KEY `MEMBER_ID_TO_DEGREE_TYPE_ID_FK_idx` (`DEGREE_TYPE_ID`),
  CONSTRAINT `MEMBER_ID_TO_DEGREE_TYPE_ID_FK` FOREIGN KEY (`DEGREE_TYPE_ID`) REFERENCES `DEGREE_TYPE` (`DEGREE_TYPE_ID`) ON DELETE NO ACTION ON UPDATE NO ACTION,
  CONSTRAINT `MEMBER_ID_TO_FACULTY_ID_FK` FOREIGN KEY (`FACULTY_ID`) REFERENCES `FACULTY` (`FACULTY_ID`) ON DELETE NO ACTION ON UPDATE NO ACTION
) ENGINE=InnoDB AUTO_INCREMENT=7 DEFAULT CHARSET=utf8;
/*!40101 SET character_set_client = @saved_cs_client */;

--
-- Dumping data for table `MEMBER`
--

LOCK TABLES `MEMBER` WRITE;
/*!40000 ALTER TABLE `MEMBER` DISABLE KEYS */;
INSERT INTO `MEMBER` VALUES (1,'Patrick','test@email.com','1234567890',1,1,'123',NULL),(2,'Martin','another@email.com','3216540987',3,3,'ferret',NULL),(3,'Martin','some_email@email.com','981238765',3,3,'pass',NULL),(4,'Riley','hi@email.com','981238765',2,5,'123pass',NULL),(5,'Enoch Tam','me@enocht.am','6133015848',5,4,'$2y$10$7hanGGFTceSXgS1txEQIiukdlsP0GjTfFNAXQbV7Z.pNPBvVDO2iC',NULL),(6,'egrbhjkl','1234@1234.com','45ty78',5,4,'$2y$10$ODQ7GGg440OJPBmed5k9huykGKCWK2YSFcNmC4GoaPb7W3Xr2nAf.',NULL);
/*!40000 ALTER TABLE `MEMBER` ENABLE KEYS */;
UNLOCK TABLES;

--
-- Table structure for table `POINT_OF_INTEREST`
--

DROP TABLE IF EXISTS `POINT_OF_INTEREST`;
/*!40101 SET @saved_cs_client     = @@character_set_client */;
/*!40101 SET character_set_client = utf8 */;
CREATE TABLE `POINT_OF_INTEREST` (
  `POINT_OF_INTEREST_ID` int(11) NOT NULL AUTO_INCREMENT,
  `POINT_OF_INTEREST_NAME` varchar(45) DEFAULT NULL,
  PRIMARY KEY (`POINT_OF_INTEREST_ID`)
) ENGINE=InnoDB AUTO_INCREMENT=4 DEFAULT CHARSET=utf8;
/*!40101 SET character_set_client = @saved_cs_client */;

--
-- Dumping data for table `POINT_OF_INTEREST`
--

LOCK TABLES `POINT_OF_INTEREST` WRITE;
/*!40000 ALTER TABLE `POINT_OF_INTEREST` DISABLE KEYS */;
INSERT INTO `POINT_OF_INTEREST` VALUES (1,'CN Tower'),(2,'the Rogers Centre'),(3,'Roy Thomson Hall');
/*!40000 ALTER TABLE `POINT_OF_INTEREST` ENABLE KEYS */;
UNLOCK TABLES;

--
-- Table structure for table `PROPERTY`
--

DROP TABLE IF EXISTS `PROPERTY`;
/*!40101 SET @saved_cs_client     = @@character_set_client */;
/*!40101 SET character_set_client = utf8 */;
CREATE TABLE `PROPERTY` (
  `PROPERTY_ID` int(11) NOT NULL AUTO_INCREMENT,
  `SUPPLIER_MEMBER_ID` int(11) NOT NULL,
  `ADDRESS_1` varchar(200) DEFAULT NULL,
  `ADDRESS_2` varchar(200) DEFAULT NULL,
  `DISTRICT_ID` int(11) DEFAULT NULL,
  `PROPERTY_TYPE_ID` int(11) DEFAULT NULL,
  `PRICE` decimal(30,0) DEFAULT NULL,
  `NAME` varchar(400) DEFAULT NULL,
  `DESCRIPTION` varchar(800) DEFAULT NULL,
  `LAT` decimal(14,12) DEFAULT NULL,
  `LNG` decimal(14,12) DEFAULT NULL,
  PRIMARY KEY (`PROPERTY_ID`),
  KEY `PROPERTY_ID_TO_PROPERTY_TYPE_ID_FK_idx` (`PROPERTY_TYPE_ID`),
  KEY `DISTRICT_TO_DISTRICT_ID_FK_idx` (`DISTRICT_ID`),
  KEY `SUPPLIER_TO_MEMBER_ID_idx` (`SUPPLIER_MEMBER_ID`),
  CONSTRAINT `DISTRICT_TO_DISTRICT_ID_FK` FOREIGN KEY (`DISTRICT_ID`) REFERENCES `DISTRICT` (`DISTRICT_ID`) ON DELETE NO ACTION ON UPDATE NO ACTION,
  CONSTRAINT `PROPERTY_TYPE_TO_PROPERTY_TYPE_ID_FK` FOREIGN KEY (`PROPERTY_TYPE_ID`) REFERENCES `PROPERTY_TYPE` (`PROPERTY_TYPE_ID`) ON DELETE NO ACTION ON UPDATE NO ACTION,
  CONSTRAINT `SUPPLIER_TO_MEMBER_ID` FOREIGN KEY (`SUPPLIER_MEMBER_ID`) REFERENCES `MEMBER` (`MEMBER_ID`) ON DELETE NO ACTION ON UPDATE NO ACTION
) ENGINE=InnoDB AUTO_INCREMENT=7 DEFAULT CHARSET=utf8;
/*!40101 SET character_set_client = @saved_cs_client */;

--
-- Dumping data for table `PROPERTY`
--

LOCK TABLES `PROPERTY` WRITE;
/*!40000 ALTER TABLE `PROPERTY` DISABLE KEYS */;
INSERT INTO `PROPERTY` VALUES (1,5,'123 Main Street','Toronto,ON, Canada',1,1,300,'some property','lololkbj n',NULL,NULL),(2,2,'345 Union St.','Mississauga, ON, CA',2,3,500,'56eudryj','gfh',NULL,NULL),(3,5,'13420 kjjn','oerugjdfk',1,1,123,'ntest name','test decssiptde',NULL,NULL),(4,5,'1240 Klondike Road','Kanata, ON',1,1,300,'a new property','blah blabadljfbfakjbfakj',NULL,NULL),(5,5,'234oib','oujn',1,1,23,'what another','lollolol',NULL,NULL),(6,5,'234oib','oujn',1,1,23,'what another','lollolol',NULL,NULL);
/*!40000 ALTER TABLE `PROPERTY` ENABLE KEYS */;
UNLOCK TABLES;

--
-- Table structure for table `PROPERTY_FEATURE_LINK`
--

DROP TABLE IF EXISTS `PROPERTY_FEATURE_LINK`;
/*!40101 SET @saved_cs_client     = @@character_set_client */;
/*!40101 SET character_set_client = utf8 */;
CREATE TABLE `PROPERTY_FEATURE_LINK` (
  `PROPERTY_ID` int(11) DEFAULT NULL,
  `FEATURE_ID` int(11) DEFAULT NULL,
  KEY `PROPERTY_ID_LINK_idx` (`PROPERTY_ID`),
  KEY `FEATURE_ID_LINK_idx` (`FEATURE_ID`),
  CONSTRAINT `FEATURE_ID_LINK` FOREIGN KEY (`FEATURE_ID`) REFERENCES `FEATURE` (`FEATURE_ID`) ON DELETE NO ACTION ON UPDATE NO ACTION,
  CONSTRAINT `PROPERTY_ID_LINK` FOREIGN KEY (`PROPERTY_ID`) REFERENCES `PROPERTY` (`PROPERTY_ID`) ON DELETE NO ACTION ON UPDATE NO ACTION
) ENGINE=InnoDB DEFAULT CHARSET=utf8;
/*!40101 SET character_set_client = @saved_cs_client */;

--
-- Dumping data for table `PROPERTY_FEATURE_LINK`
--

LOCK TABLES `PROPERTY_FEATURE_LINK` WRITE;
/*!40000 ALTER TABLE `PROPERTY_FEATURE_LINK` DISABLE KEYS */;
INSERT INTO `PROPERTY_FEATURE_LINK` VALUES (1,1);
/*!40000 ALTER TABLE `PROPERTY_FEATURE_LINK` ENABLE KEYS */;
UNLOCK TABLES;

--
-- Table structure for table `PROPERTY_PICTURE`
--

DROP TABLE IF EXISTS `PROPERTY_PICTURE`;
/*!40101 SET @saved_cs_client     = @@character_set_client */;
/*!40101 SET character_set_client = utf8 */;
CREATE TABLE `PROPERTY_PICTURE` (
  `PICTURE_ID` int(11) NOT NULL AUTO_INCREMENT,
  `PROPERTY_ID` int(11) NOT NULL,
  `PICTURE_PATH` varchar(300) DEFAULT NULL,
  PRIMARY KEY (`PICTURE_ID`),
  KEY `PROPERTY_ID_PICTURE_FK_idx` (`PROPERTY_ID`),
  CONSTRAINT `PROPERTY_ID_PICTURE_FK` FOREIGN KEY (`PROPERTY_ID`) REFERENCES `PROPERTY` (`PROPERTY_ID`) ON DELETE NO ACTION ON UPDATE NO ACTION
) ENGINE=InnoDB AUTO_INCREMENT=4 DEFAULT CHARSET=utf8;
/*!40101 SET character_set_client = @saved_cs_client */;

--
-- Dumping data for table `PROPERTY_PICTURE`
--

LOCK TABLES `PROPERTY_PICTURE` WRITE;
/*!40000 ALTER TABLE `PROPERTY_PICTURE` DISABLE KEYS */;
INSERT INTO `PROPERTY_PICTURE` VALUES (1,5,'https://qbnb-uploads.s3.amazonaws.com/img_1458942014_Screen%20Shot%202016-03-25%20at%204.12.41%20PM.png'),(2,6,'https://qbnb-uploads.s3.amazonaws.com/img_1458942014_Screen%20Shot%202016-03-25%20at%204.12.41%20PM.png'),(3,6,'https://qbnb-uploads.s3.amazonaws.com/img_1458942022_Screen%20Shot%202016-03-25%20at%204.12.31%20PM.png');
/*!40000 ALTER TABLE `PROPERTY_PICTURE` ENABLE KEYS */;
UNLOCK TABLES;

--
-- Table structure for table `PROPERTY_TYPE`
--

DROP TABLE IF EXISTS `PROPERTY_TYPE`;
/*!40101 SET @saved_cs_client     = @@character_set_client */;
/*!40101 SET character_set_client = utf8 */;
CREATE TABLE `PROPERTY_TYPE` (
  `PROPERTY_TYPE_ID` int(11) NOT NULL AUTO_INCREMENT,
  `PROPERTY_TYPE_NAME` varchar(200) DEFAULT NULL,
  PRIMARY KEY (`PROPERTY_TYPE_ID`)
) ENGINE=InnoDB AUTO_INCREMENT=5 DEFAULT CHARSET=utf8;
/*!40101 SET character_set_client = @saved_cs_client */;

--
-- Dumping data for table `PROPERTY_TYPE`
--

LOCK TABLES `PROPERTY_TYPE` WRITE;
/*!40000 ALTER TABLE `PROPERTY_TYPE` DISABLE KEYS */;
INSERT INTO `PROPERTY_TYPE` VALUES (1,'Room'),(2,'1 bedroom apartment'),(3,'2 bedroom flat'),(4,'4 bedroom house');
/*!40000 ALTER TABLE `PROPERTY_TYPE` ENABLE KEYS */;
UNLOCK TABLES;
/*!40103 SET TIME_ZONE=@OLD_TIME_ZONE */;

/*!40101 SET SQL_MODE=@OLD_SQL_MODE */;
/*!40014 SET FOREIGN_KEY_CHECKS=@OLD_FOREIGN_KEY_CHECKS */;
/*!40014 SET UNIQUE_CHECKS=@OLD_UNIQUE_CHECKS */;
/*!40101 SET CHARACTER_SET_CLIENT=@OLD_CHARACTER_SET_CLIENT */;
/*!40101 SET CHARACTER_SET_RESULTS=@OLD_CHARACTER_SET_RESULTS */;
/*!40101 SET COLLATION_CONNECTION=@OLD_COLLATION_CONNECTION */;
/*!40111 SET SQL_NOTES=@OLD_SQL_NOTES */;

-- Dump completed on 2016-03-25 19:30:31
